id,role,email,full_name,created
6990,accountant,sf-accountant-t90authz-1780505116253@example.test,sf-accountant t90authz-1780505116253,2026-06-03
7081,accountant,accountant-t73-1780505221318@example.test,accountant t73-1780505221318,2026-06-03
10475,accountant,dl-accountant-t96dl-1780548276805@example.test,dl-accountant t96dl-1780548276805,2026-06-04
10926,accountant,sf-accountant-t90authz-1780549840701@example.test,sf-accountant t90authz-1780549840701,2026-06-04
10976,accountant,sf-accountant-t90authz-1780549905743@example.test,sf-accountant t90authz-1780549905743,2026-06-04
11530,accountant,dl-accountant-t96dl-1780550687187@example.test,dl-accountant t96dl-1780550687187,2026-06-04
11652,accountant,sf-accountant-t90authz-1780550818040@example.test,sf-accountant t90authz-1780550818040,2026-06-04
12118,accountant,accountant-t73-1780583863094@example.test,accountant t73-1780583863094,2026-06-04
12160,accountant,accountant-t73-1780583916730@example.test,accountant t73-1780583916730,2026-06-04
16142,accountant,accountant-t24a-1780632366087@example.test,accountant t24a-1780632366087,2026-06-05
16885,accountant,accountant-t24s-1780635886501@example.test,accountant t24s-1780635886501,2026-06-05
18005,accountant,accountant-t73-1780790386434@example.test,accountant t73-1780790386434,2026-06-06
18387,accountant,sf-accountant-t90authz-1780791821449@example.test,sf-accountant t90authz-1780791821449,2026-06-07
20377,accountant,sf-accountant-t90authz-1780798540760@example.test,sf-accountant t90authz-1780798540760,2026-06-07
20979,accountant,accountant-t24s-1780801831460@example.test,accountant t24s-1780801831460,2026-06-07
21054,accountant,accountant-t73-1780802114048@example.test,accountant t73-1780802114048,2026-06-07
21088,accountant,sf-accountant-t90authz-1780802192221@example.test,sf-accountant t90authz-1780802192221,2026-06-07
24817,accountant,sf-accountant-t90authz-1781833060244@example.test,sf-accountant t90authz-1781833060244,2026-06-19
33294,accountant,accountant-t73-1782493271964@example.test,accountant t73-1782493271964,2026-06-26
33419,accountant,accountant-t24a-1782493528079@example.test,accountant t24a-1782493528079,2026-06-26
35872,accountant,sf-accountant-t90authz-1782506417996@example.test,sf-accountant t90authz-1782506417996,2026-06-26
36547,accountant,accountant-t73-1782508887183@example.test,accountant t73-1782508887183,2026-06-26
36983,accountant,accountant-t24a-1782510236254@example.test,accountant t24a-1782510236254,2026-06-26
40986,accountant,accountant-t73-1782602349145@example.test,accountant t73-1782602349145,2026-06-27
6989,admin,sf-admin-t90authz-1780505116253@example.test,sf-admin t90authz-1780505116253,2026-06-03
7080,admin,admin-t73-1780505221318@example.test,admin t73-1780505221318,2026-06-03
10474,admin,dl-admin-t96dl-1780548276805@example.test,dl-admin t96dl-1780548276805,2026-06-04
10925,admin,sf-admin-t90authz-1780549840701@example.test,sf-admin t90authz-1780549840701,2026-06-04
10975,admin,sf-admin-t90authz-1780549905743@example.test,sf-admin t90authz-1780549905743,2026-06-04
11064,admin,dla-admin-t98dlaudit-1780549989349@example.test,dla-admin t98dlaudit-1780549989349,2026-06-04
11462,admin,src-admin-t90src-1780550623246@example.test,src-admin t90src-1780550623246,2026-06-04
11529,admin,dl-admin-t96dl-1780550687187@example.test,dl-admin t96dl-1780550687187,2026-06-04
11651,admin,sf-admin-t90authz-1780550818040@example.test,sf-admin t90authz-1780550818040,2026-06-04
12117,admin,admin-t73-1780583863094@example.test,admin t73-1780583863094,2026-06-04
12159,admin,admin-t73-1780583916730@example.test,admin t73-1780583916730,2026-06-04
12188,admin,def-admin-t93defaults-1780584008949@example.test,def-admin t93defaults-1780584008949,2026-06-04
12207,admin,admin-cd-drawers-submit-1780584018915@example.test,Admin cd-drawers-submit-1780584018915,2026-06-04
16141,admin,admin-t24a-1780632366087@example.test,admin t24a-1780632366087,2026-06-05
16184,admin,dla-admin-t98dlaudit-1780632449973@example.test,dla-admin t98dlaudit-1780632449973,2026-06-05
16584,admin,admin-cd-drawers-ui-1780634601773@example.test,Admin cd-drawers-ui-1780634601773,2026-06-05
16871,admin,admin-cd-drawers-ui-1780635840860@example.test,Admin cd-drawers-ui-1780635840860,2026-06-05
16884,admin,admin-t24s-1780635886501@example.test,admin t24s-1780635886501,2026-06-05
17025,admin,src-admin-t90src-1780636339770@example.test,src-admin t90src-1780636339770,2026-06-05
18004,admin,admin-t73-1780790386434@example.test,admin t73-1780790386434,2026-06-06
18386,admin,sf-admin-t90authz-1780791821449@example.test,sf-admin t90authz-1780791821449,2026-06-07
20376,admin,sf-admin-t90authz-1780798540760@example.test,sf-admin t90authz-1780798540760,2026-06-07
20424,admin,admin-cd-drawers-ui-1780798874600@example.test,Admin cd-drawers-ui-1780798874600,2026-06-07
20658,admin,def-admin-t93defaults-1780799953368@example.test,def-admin t93defaults-1780799953368,2026-06-07
20978,admin,admin-t24s-1780801831460@example.test,admin t24s-1780801831460,2026-06-07
21053,admin,admin-t73-1780802114048@example.test,admin t73-1780802114048,2026-06-07
21087,admin,sf-admin-t90authz-1780802192221@example.test,sf-admin t90authz-1780802192221,2026-06-07
21365,admin,src-admin-t90src-1780803886835@example.test,src-admin t90src-1780803886835,2026-06-07
22683,admin,admin-session-edit-ui-1780930798537@example.test,Admin session-edit-ui-1780930798537,2026-06-08
24816,admin,sf-admin-t90authz-1781833060244@example.test,sf-admin t90authz-1781833060244,2026-06-19
26499,admin,dla-admin-t98dlaudit-1782420011990@example.test,dla-admin t98dlaudit-1782420011990,2026-06-25
27270,admin,dla-admin-t98dlaudit-1782424351160@example.test,dla-admin t98dlaudit-1782424351160,2026-06-25
28518,admin,admin-cd-drawers-ui-1782431514830@example.test,Admin cd-drawers-ui-1782431514830,2026-06-25
30716,admin,admin-cd-drawers-ui-1782448178632@example.test,Admin cd-drawers-ui-1782448178632,2026-06-26
30836,admin,admin-cd-drawers-ui-1782448698057@example.test,Admin cd-drawers-ui-1782448698057,2026-06-26
33069,admin,def-admin-t93defaults-1782492219531@example.test,def-admin t93defaults-1782492219531,2026-06-26
33293,admin,admin-t73-1782493271964@example.test,admin t73-1782493271964,2026-06-26
33418,admin,admin-t24a-1782493528079@example.test,admin t24a-1782493528079,2026-06-26
34333,admin,admin-cd-drawers-ui-1782499410950@example.test,Admin cd-drawers-ui-1782499410950,2026-06-26
35179,admin,dla-admin-t98dlaudit-1782504533580@example.test,dla-admin t98dlaudit-1782504533580,2026-06-26
35871,admin,sf-admin-t90authz-1782506417996@example.test,sf-admin t90authz-1782506417996,2026-06-26
36018,admin,dla-admin-t98dlaudit-1782506788179@example.test,dla-admin t98dlaudit-1782506788179,2026-06-26
36546,admin,admin-t73-1782508887183@example.test,admin t73-1782508887183,2026-06-26
36982,admin,admin-t24a-1782510236254@example.test,admin t24a-1782510236254,2026-06-26
38714,admin,dla-admin-t98dlaudit-1782534472147@example.test,dla-admin t98dlaudit-1782534472147,2026-06-27
38894,admin,src-admin-t90src-1782535444486@example.test,src-admin t90src-1782535444486,2026-06-27
39042,admin,sys-ins-dbl-1782536910314@example.test,Sys ins-dbl-1782536910314,2026-06-27
40985,admin,admin-t73-1782602349145@example.test,admin t73-1782602349145,2026-06-27
41736,admin,def-admin-t93defaults-1782612122803@example.test,def-admin t93defaults-1782612122803,2026-06-28
42207,admin,src-admin-t90src-1782615337476@example.test,src-admin t90src-1782615337476,2026-06-28
42409,admin,sys-ins-dbl-1782617083204@example.test,Sys ins-dbl-1782617083204,2026-06-28
34646,billing,billing-ins-repost-dc-ui-1782500193167@example.test,Billing ins-repost-dc-ui-1782500193167,2026-06-26
34702,billing,billing-ins-repost-dc-ui-1782500511250@example.test,Billing ins-repost-dc-ui-1782500511250,2026-06-26
35426,billing,billing-thr-stmt-corrected-ui-1782505309379@example.test,Billing thr-stmt-corrected-ui-1782505309379,2026-06-26
36277,billing,billing-thr-owed-record-payout-ui-1782507790007@example.test,Billing thr-owed-record-payout-ui-1782507790007,2026-06-26
36913,billing,billing-thr-owed-bulk-payout-ui-1782510002201@example.test,Billing thr-owed-bulk-payout-ui-1782510002201,2026-06-26
36918,billing,billing-thr-stmt-corrected-monthly-print-1782510115061@example.test,Billing thr-stmt-corrected-monthly-print-1782510115061,2026-06-26
37209,billing,billing-thr-owed-bulk-payout-ui-1782510738764@example.test,Billing thr-owed-bulk-payout-ui-1782510738764,2026-06-26
37694,billing,billing-thr-owed-bulk-payout-ui-1782511644750@example.test,Billing thr-owed-bulk-payout-ui-1782511644750,2026-06-26
38698,billing,billing-thr-owed-dup-restmt-noreinflate-ui-1782534444788@example.test,Billing thr-owed-dup-restmt-noreinflate-ui-1782534444788,2026-06-27
39480,billing,billing-ins-voidlock-1782575644298@example.test,Billing ins-voidlock-1782575644298,2026-06-27
40306,billing,billing-ins-recon-ui-1782587823430@example.test,Billing ins-recon-ui-1782587823430,2026-06-27
40432,billing,billing-thr-stmt-corrected-ui-1782593407151@example.test,Billing thr-stmt-corrected-ui-1782593407151,2026-06-27
40960,client,client-role-sms-staff-6652-1782602301850@example.test,client-role Staffmember,2026-06-27
359,supervisor,supervisor-in-scope-t24s-1780350833148@example.test,supervisor-in-scope t24s-1780350833148,2026-06-01
4620,supervisor,supervisor-in-scope-t24s-1780456324093@example.test,supervisor-in-scope t24s-1780456324093,2026-06-03
6987,supervisor,sf-sup-in-t90authz-1780505116253@example.test,sf-sup-in t90authz-1780505116253,2026-06-03
6988,supervisor,sf-sup-out-t90authz-1780505116253@example.test,sf-sup-out t90authz-1780505116253,2026-06-03
7078,supervisor,supervisor-in-scope-t73-1780505221318@example.test,supervisor-in-scope t73-1780505221318,2026-06-03
7079,supervisor,supervisor-out-scope-t73-1780505221318@example.test,supervisor-out-scope t73-1780505221318,2026-06-03
10472,supervisor,dl-sup-in-t96dl-1780548276805@example.test,dl-sup-in t96dl-1780548276805,2026-06-04
10473,supervisor,dl-sup-out-t96dl-1780548276805@example.test,dl-sup-out t96dl-1780548276805,2026-06-04
10923,supervisor,sf-sup-in-t90authz-1780549840701@example.test,sf-sup-in t90authz-1780549840701,2026-06-04
10924,supervisor,sf-sup-out-t90authz-1780549840701@example.test,sf-sup-out t90authz-1780549840701,2026-06-04
10973,supervisor,sf-sup-in-t90authz-1780549905743@example.test,sf-sup-in t90authz-1780549905743,2026-06-04
10974,supervisor,sf-sup-out-t90authz-1780549905743@example.test,sf-sup-out t90authz-1780549905743,2026-06-04
11527,supervisor,dl-sup-in-t96dl-1780550687187@example.test,dl-sup-in t96dl-1780550687187,2026-06-04
11528,supervisor,dl-sup-out-t96dl-1780550687187@example.test,dl-sup-out t96dl-1780550687187,2026-06-04
11649,supervisor,sf-sup-in-t90authz-1780550818040@example.test,sf-sup-in t90authz-1780550818040,2026-06-04
11650,supervisor,sf-sup-out-t90authz-1780550818040@example.test,sf-sup-out t90authz-1780550818040,2026-06-04
12115,supervisor,supervisor-in-scope-t73-1780583863094@example.test,supervisor-in-scope t73-1780583863094,2026-06-04
12116,supervisor,supervisor-out-scope-t73-1780583863094@example.test,supervisor-out-scope t73-1780583863094,2026-06-04
12157,supervisor,supervisor-in-scope-t73-1780583916730@example.test,supervisor-in-scope t73-1780583916730,2026-06-04
12158,supervisor,supervisor-out-scope-t73-1780583916730@example.test,supervisor-out-scope t73-1780583916730,2026-06-04
16882,supervisor,supervisor-in-scope-t24s-1780635886501@example.test,supervisor-in-scope t24s-1780635886501,2026-06-05
16883,supervisor,supervisor-out-scope-t24s-1780635886501@example.test,supervisor-out-scope t24s-1780635886501,2026-06-05
18002,supervisor,supervisor-in-scope-t73-1780790386434@example.test,supervisor-in-scope t73-1780790386434,2026-06-06
18003,supervisor,supervisor-out-scope-t73-1780790386434@example.test,supervisor-out-scope t73-1780790386434,2026-06-06
18384,supervisor,sf-sup-in-t90authz-1780791821449@example.test,sf-sup-in t90authz-1780791821449,2026-06-07
18385,supervisor,sf-sup-out-t90authz-1780791821449@example.test,sf-sup-out t90authz-1780791821449,2026-06-07
20374,supervisor,sf-sup-in-t90authz-1780798540760@example.test,sf-sup-in t90authz-1780798540760,2026-06-07
20375,supervisor,sf-sup-out-t90authz-1780798540760@example.test,sf-sup-out t90authz-1780798540760,2026-06-07
20976,supervisor,supervisor-in-scope-t24s-1780801831460@example.test,supervisor-in-scope t24s-1780801831460,2026-06-07
20977,supervisor,supervisor-out-scope-t24s-1780801831460@example.test,supervisor-out-scope t24s-1780801831460,2026-06-07
21051,supervisor,supervisor-in-scope-t73-1780802114048@example.test,supervisor-in-scope t73-1780802114048,2026-06-07
21052,supervisor,supervisor-out-scope-t73-1780802114048@example.test,supervisor-out-scope t73-1780802114048,2026-06-07
21085,supervisor,sf-sup-in-t90authz-1780802192221@example.test,sf-sup-in t90authz-1780802192221,2026-06-07
21086,supervisor,sf-sup-out-t90authz-1780802192221@example.test,sf-sup-out t90authz-1780802192221,2026-06-07
24814,supervisor,sf-sup-in-t90authz-1781833060244@example.test,sf-sup-in t90authz-1781833060244,2026-06-19
24815,supervisor,sf-sup-out-t90authz-1781833060244@example.test,sf-sup-out t90authz-1781833060244,2026-06-19
33291,supervisor,supervisor-in-scope-t73-1782493271964@example.test,supervisor-in-scope t73-1782493271964,2026-06-26
33292,supervisor,supervisor-out-scope-t73-1782493271964@example.test,supervisor-out-scope t73-1782493271964,2026-06-26
35869,supervisor,sf-sup-in-t90authz-1782506417996@example.test,sf-sup-in t90authz-1782506417996,2026-06-26
35870,supervisor,sf-sup-out-t90authz-1782506417996@example.test,sf-sup-out t90authz-1782506417996,2026-06-26
36544,supervisor,supervisor-in-scope-t73-1782508887183@example.test,supervisor-in-scope t73-1782508887183,2026-06-26
36545,supervisor,supervisor-out-scope-t73-1782508887183@example.test,supervisor-out-scope t73-1782508887183,2026-06-26
40983,supervisor,supervisor-in-scope-t73-1782602349145@example.test,supervisor-in-scope t73-1782602349145,2026-06-27
40984,supervisor,supervisor-out-scope-t73-1782602349145@example.test,supervisor-out-scope t73-1782602349145,2026-06-27
357,therapist,assigned-therapist-t24s-1780350833148@example.test,assigned-therapist t24s-1780350833148,2026-06-01
3290,therapist,api-therapist-dsepref-api-1780453739390@example.test,api-therapist dsepref-api-1780453739390,2026-06-03
3781,therapist,optout-therapist-dsepref-1780454786495@example.test,optout-therapist dsepref-1780454786495,2026-06-03
3782,therapist,default-therapist-dsepref-1780454786495@example.test,default-therapist dsepref-1780454786495,2026-06-03
3783,therapist,optin-therapist-dsepref-1780454786495@example.test,optin-therapist dsepref-1780454786495,2026-06-03
3880,therapist,idem-therapist-dse-1780455000042@example.test,idem-therapist dse-1780455000042,2026-06-03
3881,therapist,retry-therapist-dse-1780455000042@example.test,retry-therapist dse-1780455000042,2026-06-03
3969,therapist,api-therapist-dsepref-api-1780455123383@example.test,api-therapist dsepref-api-1780455123383,2026-06-03
4154,therapist,api-therapist-dsepref-api-1780455413233@example.test,api-therapist dsepref-api-1780455413233,2026-06-03
4211,therapist,api-therapist-dsepref-api-1780455490617@example.test,api-therapist dsepref-api-1780455490617,2026-06-03
4248,therapist,defer-save-staff-defer-save-4694-1780455518836@example.test,defer-save-staff defer-save-4694-1780455518836,2026-06-03
4252,therapist,optout-therapist-dsepref-1780455524459@example.test,optout-therapist dsepref-1780455524459,2026-06-03
4254,therapist,default-therapist-dsepref-1780455524459@example.test,default-therapist dsepref-1780455524459,2026-06-03
4296,therapist,optout-therapist-dsepref-1780455573728@example.test,optout-therapist dsepref-1780455573728,2026-06-03
4297,therapist,default-therapist-dsepref-1780455573728@example.test,default-therapist dsepref-1780455573728,2026-06-03
4298,therapist,optin-therapist-dsepref-1780455573728@example.test,optin-therapist dsepref-1780455573728,2026-06-03
4320,therapist,optout-therapist-dsepref-1780455633578@example.test,optout-therapist dsepref-1780455633578,2026-06-03
4342,therapist,optout-therapist-dsepref-1780455674778@example.test,optout-therapist dsepref-1780455674778,2026-06-03
4343,therapist,default-therapist-dsepref-1780455674778@example.test,default-therapist dsepref-1780455674778,2026-06-03
4344,therapist,optin-therapist-dsepref-1780455674778@example.test,optin-therapist dsepref-1780455674778,2026-06-03
4369,therapist,api-therapist-dsepref-api-1780455786789@example.test,api-therapist dsepref-api-1780455786789,2026-06-03
4394,therapist,api-therapist-dsepref-api-1780455883833@example.test,api-therapist dsepref-api-1780455883833,2026-06-03
4419,therapist,api-therapist-dsepref-api-1780455963741@example.test,api-therapist dsepref-api-1780455963741,2026-06-03
4441,therapist,optout-therapist-dsepref-1780455993541@example.test,optout-therapist dsepref-1780455993541,2026-06-03
4442,therapist,default-therapist-dsepref-1780455993541@example.test,default-therapist dsepref-1780455993541,2026-06-03
4488,therapist,optout-therapist-dsepref-1780456089251@example.test,optout-therapist dsepref-1780456089251,2026-06-03
4489,therapist,api-therapist-dsepref-api-1780456093333@example.test,api-therapist dsepref-api-1780456093333,2026-06-03
4492,therapist,default-therapist-dsepref-1780456089251@example.test,default-therapist dsepref-1780456089251,2026-06-03
4520,therapist,optout-therapist-dsepref-1780456132106@example.test,optout-therapist dsepref-1780456132106,2026-06-03
4533,therapist,default-therapist-dsepref-1780456132106@example.test,default-therapist dsepref-1780456132106,2026-06-03
4558,therapist,optout-therapist-dsepref-1780456184896@example.test,optout-therapist dsepref-1780456184896,2026-06-03
4584,therapist,ui-therapist-dsepref-ui-1780456243779@example.test,ui-therapist dsepref-ui-1780456243779,2026-06-03
4604,therapist,api-therapist-dsepref-api-1780456283699@example.test,api-therapist dsepref-api-1780456283699,2026-06-03
4608,therapist,optout-therapist-dsepref-1780456288974@example.test,optout-therapist dsepref-1780456288974,2026-06-03
4609,therapist,default-therapist-dsepref-1780456288974@example.test,default-therapist dsepref-1780456288974,2026-06-03
4618,therapist,assigned-therapist-t24s-1780456324093@example.test,assigned-therapist t24s-1780456324093,2026-06-03
4619,therapist,other-therapist-t24s-1780456324093@example.test,other-therapist t24s-1780456324093,2026-06-03
4645,therapist,api-therapist-dsepref-api-1780456415459@example.test,api-therapist dsepref-api-1780456415459,2026-06-03
4695,therapist,api-therapist-dsepref-api-1780456532605@example.test,api-therapist dsepref-api-1780456532605,2026-06-03
4740,therapist,api-therapist-dsepref-api-1780456647390@example.test,api-therapist dsepref-api-1780456647390,2026-06-03
4765,therapist,api-therapist-dsepref-api-1780456763082@example.test,api-therapist dsepref-api-1780456763082,2026-06-03
4811,therapist,optout-therapist-dsepref-1780456929248@example.test,optout-therapist dsepref-1780456929248,2026-06-03
4812,therapist,default-therapist-dsepref-1780456929248@example.test,default-therapist dsepref-1780456929248,2026-06-03
4907,therapist,optout-therapist-dsepref-1780457421051@example.test,optout-therapist dsepref-1780457421051,2026-06-03
4908,therapist,default-therapist-dsepref-1780457421051@example.test,default-therapist dsepref-1780457421051,2026-06-03
4909,therapist,optin-therapist-dsepref-1780457421051@example.test,optin-therapist dsepref-1780457421051,2026-06-03
4931,therapist,optout-therapist-dsepref-1780457509056@example.test,optout-therapist dsepref-1780457509056,2026-06-03
4932,therapist,default-therapist-dsepref-1780457509056@example.test,default-therapist dsepref-1780457509056,2026-06-03
4933,therapist,optin-therapist-dsepref-1780457509056@example.test,optin-therapist dsepref-1780457509056,2026-06-03
5002,therapist,optout-therapist-dsepref-1780457857325@example.test,optout-therapist dsepref-1780457857325,2026-06-03
5003,therapist,default-therapist-dsepref-1780457857325@example.test,default-therapist dsepref-1780457857325,2026-06-03
5004,therapist,optin-therapist-dsepref-1780457857325@example.test,optin-therapist dsepref-1780457857325,2026-06-03
5026,therapist,optout-therapist-dsepref-1780457949008@example.test,optout-therapist dsepref-1780457949008,2026-06-03
5027,therapist,default-therapist-dsepref-1780457949008@example.test,default-therapist dsepref-1780457949008,2026-06-03
5028,therapist,optin-therapist-dsepref-1780457949008@example.test,optin-therapist dsepref-1780457949008,2026-06-03
5118,therapist,optout-therapist-dsepref-1780458281585@example.test,optout-therapist dsepref-1780458281585,2026-06-03
5120,therapist,default-therapist-dsepref-1780458281585@example.test,default-therapist dsepref-1780458281585,2026-06-03
5484,therapist,optout-therapist-dsepref-1780459053043@example.test,optout-therapist dsepref-1780459053043,2026-06-03
5665,therapist,optout-therapist-dsepref-1780459537130@example.test,optout-therapist dsepref-1780459537130,2026-06-03
5666,therapist,default-therapist-dsepref-1780459537130@example.test,default-therapist dsepref-1780459537130,2026-06-03
5667,therapist,optin-therapist-dsepref-1780459537130@example.test,optin-therapist dsepref-1780459537130,2026-06-03
5801,therapist,optout-therapist-dsepref-1780499246241@example.test,optout-therapist dsepref-1780499246241,2026-06-03
5802,therapist,default-therapist-dsepref-1780499246241@example.test,default-therapist dsepref-1780499246241,2026-06-03
5830,therapist,optout-therapist-dsepref-1780499323283@example.test,optout-therapist dsepref-1780499323283,2026-06-03
5861,therapist,api-therapist-dsepref-api-1780499478846@example.test,api-therapist dsepref-api-1780499478846,2026-06-03
5998,therapist,api-therapist-dsepref-api-1780500325619@example.test,api-therapist dsepref-api-1780500325619,2026-06-03
6079,therapist,optout-therapist-dsepref-1780501492012@example.test,optout-therapist dsepref-1780501492012,2026-06-03
6333,therapist,optout-therapist-dsepref-1780502512416@example.test,optout-therapist dsepref-1780502512416,2026-06-03
6358,therapist,default-therapist-dsepref-1780502512416@example.test,default-therapist dsepref-1780502512416,2026-06-03
6390,therapist,optout-therapist-dsepref-1780502589256@example.test,optout-therapist dsepref-1780502589256,2026-06-03
6392,therapist,default-therapist-dsepref-1780502589256@example.test,default-therapist dsepref-1780502589256,2026-06-03
6410,therapist,api-therapist-dsepref-api-1780502653771@example.test,api-therapist dsepref-api-1780502653771,2026-06-03
6563,therapist,api-therapist-dsepref-api-1780503158200@example.test,api-therapist dsepref-api-1780503158200,2026-06-03
6684,therapist,api-therapist-dsepref-api-1780504273146@example.test,api-therapist dsepref-api-1780504273146,2026-06-03
6985,therapist,sf-assigned-t90authz-1780505116253@example.test,sf-assigned t90authz-1780505116253,2026-06-03
6986,therapist,sf-other-t90authz-1780505116253@example.test,sf-other t90authz-1780505116253,2026-06-03
7051,therapist,optout-therapist-dsepref-1780505188463@example.test,optout-therapist dsepref-1780505188463,2026-06-03
7076,therapist,assigned-therapist-t73-1780505221318@example.test,assigned-therapist t73-1780505221318,2026-06-03
7077,therapist,other-therapist-t73-1780505221318@example.test,other-therapist t73-1780505221318,2026-06-03
7185,therapist,optout-therapist-dsepref-1780505586365@example.test,optout-therapist dsepref-1780505586365,2026-06-03
7595,therapist,optout-therapist-dsepref-1780510501251@example.test,optout-therapist dsepref-1780510501251,2026-06-03
7755,therapist,api-therapist-dsepref-api-1780514691555@example.test,api-therapist dsepref-api-1780514691555,2026-06-03
7844,therapist,optout-therapist-dsepref-1780514934607@example.test,optout-therapist dsepref-1780514934607,2026-06-03
7845,therapist,default-therapist-dsepref-1780514934607@example.test,default-therapist dsepref-1780514934607,2026-06-03
8399,therapist,ddl-assigned-t101deldenial-1780530642952@example.test,ddl-assigned t101deldenial-1780530642952,2026-06-03
8400,therapist,ddl-other-t101deldenial-1780530642952@example.test,ddl-other t101deldenial-1780530642952,2026-06-03
8531,therapist,optout-therapist-dsepref-1780531045047@example.test,optout-therapist dsepref-1780531045047,2026-06-03
8581,therapist,optout-therapist-dsepref-1780531138845@example.test,optout-therapist dsepref-1780531138845,2026-06-03
8582,therapist,default-therapist-dsepref-1780531138845@example.test,default-therapist dsepref-1780531138845,2026-06-03
8710,therapist,api-therapist-dsepref-api-1780532113349@example.test,api-therapist dsepref-api-1780532113349,2026-06-04
8944,therapist,optout-therapist-dsepref-1780533209503@example.test,optout-therapist dsepref-1780533209503,2026-06-04
8945,therapist,default-therapist-dsepref-1780533209503@example.test,default-therapist dsepref-1780533209503,2026-06-04
9148,therapist,api-therapist-dsepref-api-1780535408543@example.test,api-therapist dsepref-api-1780535408543,2026-06-04
9201,therapist,api-therapist-dsepref-api-1780535651267@example.test,api-therapist dsepref-api-1780535651267,2026-06-04
9397,therapist,upval-therapist-t94upval-1780543931070@example.test,upval-therapist t94upval-1780543931070,2026-06-04
9490,therapist,optout-therapist-dsepref-1780544103196@example.test,optout-therapist dsepref-1780544103196,2026-06-04
9540,therapist,optout-therapist-dsepref-1780544228280@example.test,optout-therapist dsepref-1780544228280,2026-06-04
9541,therapist,default-therapist-dsepref-1780544228280@example.test,default-therapist dsepref-1780544228280,2026-06-04
9591,therapist,optout-therapist-dsepref-1780544359325@example.test,optout-therapist dsepref-1780544359325,2026-06-04
9592,therapist,default-therapist-dsepref-1780544359325@example.test,default-therapist dsepref-1780544359325,2026-06-04
9593,therapist,optin-therapist-dsepref-1780544359325@example.test,optin-therapist dsepref-1780544359325,2026-06-04
9718,therapist,optout-therapist-dsepref-1780545078211@example.test,optout-therapist dsepref-1780545078211,2026-06-04
9771,therapist,api-therapist-dsepref-api-1780545322851@example.test,api-therapist dsepref-api-1780545322851,2026-06-04
9899,therapist,api-therapist-dsepref-api-1780545922488@example.test,api-therapist dsepref-api-1780545922488,2026-06-04
9952,therapist,api-therapist-dsepref-api-1780546202149@example.test,api-therapist dsepref-api-1780546202149,2026-06-04
10002,therapist,optout-therapist-dsepref-1780546303653@example.test,optout-therapist dsepref-1780546303653,2026-06-04
10003,therapist,default-therapist-dsepref-1780546303653@example.test,default-therapist dsepref-1780546303653,2026-06-04
10004,therapist,optin-therapist-dsepref-1780546303653@example.test,optin-therapist dsepref-1780546303653,2026-06-04
10057,therapist,api-therapist-dsepref-api-1780546635468@example.test,api-therapist dsepref-api-1780546635468,2026-06-04
10182,therapist,optout-therapist-dsepref-1780547330722@example.test,optout-therapist dsepref-1780547330722,2026-06-04
10183,therapist,default-therapist-dsepref-1780547330722@example.test,default-therapist dsepref-1780547330722,2026-06-04
10184,therapist,optin-therapist-dsepref-1780547330722@example.test,optin-therapist dsepref-1780547330722,2026-06-04
10234,therapist,optout-therapist-dsepref-1780547532757@example.test,optout-therapist dsepref-1780547532757,2026-06-04
10284,therapist,optout-therapist-dsepref-1780547647383@example.test,optout-therapist dsepref-1780547647383,2026-06-04
10285,therapist,default-therapist-dsepref-1780547647383@example.test,default-therapist dsepref-1780547647383,2026-06-04
10339,therapist,ui-therapist-dsepref-ui-1780548023753@example.test,ui-therapist dsepref-ui-1780548023753,2026-06-04
10435,therapist,optout-therapist-dsepref-1780548211070@example.test,optout-therapist dsepref-1780548211070,2026-06-04
10470,therapist,dl-assigned-t96dl-1780548276805@example.test,dl-assigned t96dl-1780548276805,2026-06-04
10471,therapist,dl-other-t96dl-1780548276805@example.test,dl-other t96dl-1780548276805,2026-06-04
10528,therapist,api-therapist-dsepref-api-1780548502060@example.test,api-therapist dsepref-api-1780548502060,2026-06-04
10706,therapist,api-therapist-dsepref-api-1780549420533@example.test,api-therapist dsepref-api-1780549420533,2026-06-04
10813,therapist,api-therapist-dsepref-api-1780549698551@example.test,api-therapist dsepref-api-1780549698551,2026-06-04
10815,therapist,ui-therapist-dsepref-ui-1780549709454@example.test,ui-therapist dsepref-ui-1780549709454,2026-06-04
10921,therapist,sf-assigned-t90authz-1780549840701@example.test,sf-assigned t90authz-1780549840701,2026-06-04
10922,therapist,sf-other-t90authz-1780549840701@example.test,sf-other t90authz-1780549840701,2026-06-04
10971,therapist,sf-assigned-t90authz-1780549905743@example.test,sf-assigned t90authz-1780549905743,2026-06-04
10972,therapist,sf-other-t90authz-1780549905743@example.test,sf-other t90authz-1780549905743,2026-06-04
11063,therapist,dla-assigned-t98dlaudit-1780549989349@example.test,dla-assigned t98dlaudit-1780549989349,2026-06-04
11065,therapist,dla-other-t98dlaudit-1780549989349@example.test,dla-other t98dlaudit-1780549989349,2026-06-04
11137,therapist,idem-therapist-dse-1780550074899@example.test,idem-therapist dse-1780550074899,2026-06-04
11237,therapist,optout-therapist-dsepref-1780550159337@example.test,optout-therapist dsepref-1780550159337,2026-06-04
11241,therapist,default-therapist-dsepref-1780550159337@example.test,default-therapist dsepref-1780550159337,2026-06-04
11245,therapist,optin-therapist-dsepref-1780550159337@example.test,optin-therapist dsepref-1780550159337,2026-06-04
11314,therapist,idem-therapist-dse-1780550335142@example.test,idem-therapist dse-1780550335142,2026-06-04
11315,therapist,retry-therapist-dse-1780550335142@example.test,retry-therapist dse-1780550335142,2026-06-04
11461,therapist,src-therapist-t90src-1780550623246@example.test,src-therapist t90src-1780550623246,2026-06-04
11525,therapist,dl-assigned-t96dl-1780550687187@example.test,dl-assigned t96dl-1780550687187,2026-06-04
11526,therapist,dl-other-t96dl-1780550687187@example.test,dl-other t96dl-1780550687187,2026-06-04
11647,therapist,sf-assigned-t90authz-1780550818040@example.test,sf-assigned t90authz-1780550818040,2026-06-04
11648,therapist,sf-other-t90authz-1780550818040@example.test,sf-other t90authz-1780550818040,2026-06-04
11677,therapist,optout-therapist-dsepref-1780550840984@example.test,optout-therapist dsepref-1780550840984,2026-06-04
11704,therapist,default-therapist-dsepref-1780550840984@example.test,default-therapist dsepref-1780550840984,2026-06-04
11711,therapist,ui-therapist-dsepref-ui-1780550898704@example.test,ui-therapist dsepref-ui-1780550898704,2026-06-04
11740,therapist,optin-therapist-dsepref-1780550840984@example.test,optin-therapist dsepref-1780550840984,2026-06-04
12017,therapist,optout-therapist-dsepref-1780583223167@example.test,optout-therapist dsepref-1780583223167,2026-06-04
12018,therapist,default-therapist-dsepref-1780583223167@example.test,default-therapist dsepref-1780583223167,2026-06-04
12019,therapist,optin-therapist-dsepref-1780583223167@example.test,optin-therapist dsepref-1780583223167,2026-06-04
12113,therapist,assigned-therapist-t73-1780583863094@example.test,assigned-therapist t73-1780583863094,2026-06-04
12114,therapist,other-therapist-t73-1780583863094@example.test,other-therapist t73-1780583863094,2026-06-04
12155,therapist,assigned-therapist-t73-1780583916730@example.test,assigned-therapist t73-1780583916730,2026-06-04
12156,therapist,other-therapist-t73-1780583916730@example.test,other-therapist t73-1780583916730,2026-06-04
12187,therapist,def-therapist-t93defaults-1780584008949@example.test,def-therapist t93defaults-1780584008949,2026-06-04
12239,therapist,optout-therapist-dsepref-1780584102848@example.test,optout-therapist dsepref-1780584102848,2026-06-04
12557,therapist,optout-therapist-dsepref-1780584798749@example.test,optout-therapist dsepref-1780584798749,2026-06-04
12560,therapist,default-therapist-dsepref-1780584798749@example.test,default-therapist dsepref-1780584798749,2026-06-04
12562,therapist,api-therapist-dsepref-api-1780584893722@example.test,api-therapist dsepref-api-1780584893722,2026-06-04
12563,therapist,optin-therapist-dsepref-1780584798749@example.test,optin-therapist dsepref-1780584798749,2026-06-04
12791,therapist,api-therapist-dsepref-api-1780585168074@example.test,api-therapist dsepref-api-1780585168074,2026-06-04
13450,therapist,optout-therapist-dsepref-1780590850943@example.test,optout-therapist dsepref-1780590850943,2026-06-04
13451,therapist,default-therapist-dsepref-1780590850943@example.test,default-therapist dsepref-1780590850943,2026-06-04
13452,therapist,optin-therapist-dsepref-1780590850943@example.test,optin-therapist dsepref-1780590850943,2026-06-04
13505,therapist,api-therapist-dsepref-api-1780591238519@example.test,api-therapist dsepref-api-1780591238519,2026-06-04
13995,therapist,api-therapist-dsepref-api-1780595253053@example.test,api-therapist dsepref-api-1780595253053,2026-06-04
14228,therapist,optout-therapist-dsepref-1780596673543@example.test,optout-therapist dsepref-1780596673543,2026-06-04
14229,therapist,default-therapist-dsepref-1780596673543@example.test,default-therapist dsepref-1780596673543,2026-06-04
14230,therapist,optin-therapist-dsepref-1780596673543@example.test,optin-therapist dsepref-1780596673543,2026-06-04
14767,therapist,optout-therapist-dsepref-1780602679084@example.test,optout-therapist dsepref-1780602679084,2026-06-04
14768,therapist,default-therapist-dsepref-1780602679084@example.test,default-therapist dsepref-1780602679084,2026-06-04
14950,therapist,optout-therapist-dsepref-1780604720340@example.test,optout-therapist dsepref-1780604720340,2026-06-04
14952,therapist,default-therapist-dsepref-1780604720340@example.test,default-therapist dsepref-1780604720340,2026-06-04
15025,therapist,optout-therapist-dsepref-1780604935009@example.test,optout-therapist dsepref-1780604935009,2026-06-04
15079,therapist,optout-therapist-dsepref-1780605081008@example.test,optout-therapist dsepref-1780605081008,2026-06-04
15129,therapist,optout-therapist-dsepref-1780605196599@example.test,optout-therapist dsepref-1780605196599,2026-06-04
15179,therapist,optout-therapist-dsepref-1780605577038@example.test,optout-therapist dsepref-1780605577038,2026-06-04
15232,therapist,api-therapist-dsepref-api-1780605853749@example.test,api-therapist dsepref-api-1780605853749,2026-06-04
15282,therapist,optout-therapist-dsepref-1780605980742@example.test,optout-therapist dsepref-1780605980742,2026-06-04
15412,therapist,optout-therapist-dsepref-1780607486212@example.test,optout-therapist dsepref-1780607486212,2026-06-04
15413,therapist,default-therapist-dsepref-1780607486212@example.test,default-therapist dsepref-1780607486212,2026-06-04
15414,therapist,optin-therapist-dsepref-1780607486212@example.test,optin-therapist dsepref-1780607486212,2026-06-04
15516,therapist,optout-therapist-dsepref-1780607848094@example.test,optout-therapist dsepref-1780607848094,2026-06-04
15518,therapist,default-therapist-dsepref-1780607848094@example.test,default-therapist dsepref-1780607848094,2026-06-04
15678,therapist,api-therapist-dsepref-api-1780612992317@example.test,api-therapist dsepref-api-1780612992317,2026-06-04
15731,therapist,api-therapist-dsepref-api-1780613281557@example.test,api-therapist dsepref-api-1780613281557,2026-06-04
15864,therapist,api-therapist-dsepref-api-1780615053661@example.test,api-therapist dsepref-api-1780615053661,2026-06-04
15994,therapist,optout-therapist-dsepref-1780615927606@example.test,optout-therapist dsepref-1780615927606,2026-06-04
15995,therapist,default-therapist-dsepref-1780615927606@example.test,default-therapist dsepref-1780615927606,2026-06-04
15996,therapist,optin-therapist-dsepref-1780615927606@example.test,optin-therapist dsepref-1780615927606,2026-06-04
16123,therapist,idem-therapist-dse-1780632310512@example.test,idem-therapist dse-1780632310512,2026-06-05
16124,therapist,retry-therapist-dse-1780632310512@example.test,retry-therapist dse-1780632310512,2026-06-05
16139,therapist,creator-therapist-t24a-1780632366087@example.test,creator-therapist t24a-1780632366087,2026-06-05
16140,therapist,other-therapist-t24a-1780632366087@example.test,other-therapist t24a-1780632366087,2026-06-05
16183,therapist,dla-assigned-t98dlaudit-1780632449973@example.test,dla-assigned t98dlaudit-1780632449973,2026-06-05
16185,therapist,dla-other-t98dlaudit-1780632449973@example.test,dla-other t98dlaudit-1780632449973,2026-06-05
16235,therapist,optout-therapist-dsepref-1780632546686@example.test,optout-therapist dsepref-1780632546686,2026-06-05
16236,therapist,default-therapist-dsepref-1780632546686@example.test,default-therapist dsepref-1780632546686,2026-06-05
16237,therapist,optin-therapist-dsepref-1780632546686@example.test,optin-therapist dsepref-1780632546686,2026-06-05
16290,therapist,api-therapist-dsepref-api-1780633000606@example.test,api-therapist dsepref-api-1780633000606,2026-06-05
16340,therapist,optout-therapist-dsepref-1780633184757@example.test,optout-therapist dsepref-1780633184757,2026-06-05
16396,therapist,api-therapist-dsepref-api-1780633487821@example.test,api-therapist dsepref-api-1780633487821,2026-06-05
16528,therapist,optout-therapist-dsepref-1780634291388@example.test,optout-therapist dsepref-1780634291388,2026-06-05
16529,therapist,default-therapist-dsepref-1780634291388@example.test,default-therapist dsepref-1780634291388,2026-06-05
16586,therapist,api-therapist-dsepref-api-1780634665132@example.test,api-therapist dsepref-api-1780634665132,2026-06-05
16643,therapist,api-therapist-dsepref-api-1780635014496@example.test,api-therapist dsepref-api-1780635014496,2026-06-05
16694,therapist,optout-therapist-dsepref-1780635152238@example.test,optout-therapist dsepref-1780635152238,2026-06-05
16749,therapist,api-therapist-dsepref-api-1780635481026@example.test,api-therapist dsepref-api-1780635481026,2026-06-05
16799,therapist,optout-therapist-dsepref-1780635577847@example.test,optout-therapist dsepref-1780635577847,2026-06-05
16800,therapist,default-therapist-dsepref-1780635577847@example.test,default-therapist dsepref-1780635577847,2026-06-05
16870,therapist,optout-therapist-dsepref-1780635829107@example.test,optout-therapist dsepref-1780635829107,2026-06-05
16880,therapist,assigned-therapist-t24s-1780635886501@example.test,assigned-therapist t24s-1780635886501,2026-06-05
16881,therapist,other-therapist-t24s-1780635886501@example.test,other-therapist t24s-1780635886501,2026-06-05
16984,therapist,api-therapist-dsepref-api-1780636265268@example.test,api-therapist dsepref-api-1780636265268,2026-06-05
17024,therapist,src-therapist-t90src-1780636339770@example.test,src-therapist t90src-1780636339770,2026-06-05
17387,therapist,optout-therapist-dsepref-1780671971352@example.test,optout-therapist dsepref-1780671971352,2026-06-05
17437,therapist,optout-therapist-dsepref-1780672105962@example.test,optout-therapist dsepref-1780672105962,2026-06-05
17438,therapist,default-therapist-dsepref-1780672105962@example.test,default-therapist dsepref-1780672105962,2026-06-05
17439,therapist,optin-therapist-dsepref-1780672105962@example.test,optin-therapist dsepref-1780672105962,2026-06-05
17489,therapist,optout-therapist-dsepref-1780672355275@example.test,optout-therapist dsepref-1780672355275,2026-06-05
17542,therapist,api-therapist-dsepref-api-1780672683848@example.test,api-therapist dsepref-api-1780672683848,2026-06-05
17700,therapist,ui-therapist-drawer-back-ui-1780784367831@example.test,ui-therapist drawer-back-ui-1780784367831,2026-06-06
17750,therapist,optout-therapist-dsepref-1780784465391@example.test,optout-therapist dsepref-1780784465391,2026-06-06
17800,therapist,optout-therapist-dsepref-1780784607832@example.test,optout-therapist dsepref-1780784607832,2026-06-06
17850,therapist,optout-therapist-dsepref-1780784725270@example.test,optout-therapist dsepref-1780784725270,2026-06-06
17900,therapist,optout-therapist-dsepref-1780784869565@example.test,optout-therapist dsepref-1780784869565,2026-06-06
17901,therapist,default-therapist-dsepref-1780784869565@example.test,default-therapist dsepref-1780784869565,2026-06-06
18000,therapist,assigned-therapist-t73-1780790386434@example.test,assigned-therapist t73-1780790386434,2026-06-06
18001,therapist,other-therapist-t73-1780790386434@example.test,other-therapist t73-1780790386434,2026-06-06
18300,therapist,idem-therapist-dse-1780791760855@example.test,idem-therapist dse-1780791760855,2026-06-07
18365,therapist,optout-therapist-dsepref-1780791793227@example.test,optout-therapist dsepref-1780791793227,2026-06-07
18369,therapist,idem-therapist-dse-1780791805439@example.test,idem-therapist dse-1780791805439,2026-06-07
18382,therapist,sf-assigned-t90authz-1780791821449@example.test,sf-assigned t90authz-1780791821449,2026-06-07
18383,therapist,sf-other-t90authz-1780791821449@example.test,sf-other t90authz-1780791821449,2026-06-07
18469,therapist,optout-therapist-dsepref-1780791902446@example.test,optout-therapist dsepref-1780791902446,2026-06-07
18487,therapist,optout-therapist-dsepref-1780791923885@example.test,optout-therapist dsepref-1780791923885,2026-06-07
18622,therapist,optout-therapist-dsepref-1780792006974@example.test,optout-therapist dsepref-1780792006974,2026-06-07
18721,therapist,optout-therapist-dsepref-1780792075558@example.test,optout-therapist dsepref-1780792075558,2026-06-07
18788,therapist,optout-therapist-dsepref-1780792128992@example.test,optout-therapist dsepref-1780792128992,2026-06-07
18805,therapist,optout-therapist-dsepref-1780792136077@example.test,optout-therapist dsepref-1780792136077,2026-06-07
18886,therapist,default-therapist-dsepref-1780792136077@example.test,default-therapist dsepref-1780792136077,2026-06-07
18917,therapist,optin-therapist-dsepref-1780792136077@example.test,optin-therapist dsepref-1780792136077,2026-06-07
19027,therapist,api-therapist-dsepref-api-1780792627149@example.test,api-therapist dsepref-api-1780792627149,2026-06-07
19270,therapist,idem-therapist-dse-1780792973972@example.test,idem-therapist dse-1780792973972,2026-06-07
19271,therapist,retry-therapist-dse-1780792973972@example.test,retry-therapist dse-1780792973972,2026-06-07
19276,therapist,crash-therapist-dse-1780792973972@example.test,crash-therapist dse-1780792973972,2026-06-07
19332,therapist,optout-therapist-dsepref-1780793008707@example.test,optout-therapist dsepref-1780793008707,2026-06-07
19366,therapist,optout-therapist-dsepref-1780793035931@example.test,optout-therapist dsepref-1780793035931,2026-06-07
19626,therapist,qh-save-ui-staff-qh-save-ui-6134-1780793654809@example.test,qh-save-ui-staff qh-save-ui-6134-1780793654809,2026-06-07
19704,therapist,optout-therapist-dsepref-1780793868679@example.test,optout-therapist dsepref-1780793868679,2026-06-07
19882,therapist,optout-therapist-dsepref-1780794027912@example.test,optout-therapist dsepref-1780794027912,2026-06-07
19926,therapist,default-therapist-dsepref-1780794027912@example.test,default-therapist dsepref-1780794027912,2026-06-07
19933,therapist,upval-therapist-t94upval-1780794118203@example.test,upval-therapist t94upval-1780794118203,2026-06-07
20036,therapist,optout-therapist-dsepref-1780794299368@example.test,optout-therapist dsepref-1780794299368,2026-06-07
20044,therapist,default-therapist-dsepref-1780794299368@example.test,default-therapist dsepref-1780794299368,2026-06-07
20230,therapist,optout-therapist-dsepref-1780794683475@example.test,optout-therapist dsepref-1780794683475,2026-06-07
20240,therapist,optout-therapist-dsepref-1780794706558@example.test,optout-therapist dsepref-1780794706558,2026-06-07
20241,therapist,api-therapist-dsepref-api-1780794729193@example.test,api-therapist dsepref-api-1780794729193,2026-06-07
20372,therapist,sf-assigned-t90authz-1780798540760@example.test,sf-assigned t90authz-1780798540760,2026-06-07
20373,therapist,sf-other-t90authz-1780798540760@example.test,sf-other t90authz-1780798540760,2026-06-07
20474,therapist,optout-therapist-dsepref-1780798979942@example.test,optout-therapist dsepref-1780798979942,2026-06-07
20475,therapist,default-therapist-dsepref-1780798979942@example.test,default-therapist dsepref-1780798979942,2026-06-07
20476,therapist,optin-therapist-dsepref-1780798979942@example.test,optin-therapist dsepref-1780798979942,2026-06-07
20527,therapist,optout-therapist-dsepref-1780799312567@example.test,optout-therapist dsepref-1780799312567,2026-06-07
20528,therapist,default-therapist-dsepref-1780799312567@example.test,default-therapist dsepref-1780799312567,2026-06-07
20578,therapist,optout-therapist-dsepref-1780799522132@example.test,optout-therapist dsepref-1780799522132,2026-06-07
20579,therapist,default-therapist-dsepref-1780799522132@example.test,default-therapist dsepref-1780799522132,2026-06-07
20580,therapist,optin-therapist-dsepref-1780799522132@example.test,optin-therapist dsepref-1780799522132,2026-06-07
20630,therapist,optout-therapist-dsepref-1780799868500@example.test,optout-therapist dsepref-1780799868500,2026-06-07
20657,therapist,def-therapist-t93defaults-1780799953368@example.test,def-therapist t93defaults-1780799953368,2026-06-07
20708,therapist,optout-therapist-dsepref-1780800052113@example.test,optout-therapist dsepref-1780800052113,2026-06-07
20761,therapist,api-therapist-dsepref-api-1780800459958@example.test,api-therapist dsepref-api-1780800459958,2026-06-07
20814,therapist,api-therapist-dsepref-api-1780800889395@example.test,api-therapist dsepref-api-1780800889395,2026-06-07
20942,therapist,optout-therapist-dsepref-1780801627395@example.test,optout-therapist dsepref-1780801627395,2026-06-07
20974,therapist,assigned-therapist-t24s-1780801831460@example.test,assigned-therapist t24s-1780801831460,2026-06-07
20975,therapist,other-therapist-t24s-1780801831460@example.test,other-therapist t24s-1780801831460,2026-06-07
21029,therapist,optout-therapist-dsepref-1780801932938@example.test,optout-therapist dsepref-1780801932938,2026-06-07
21030,therapist,default-therapist-dsepref-1780801932938@example.test,default-therapist dsepref-1780801932938,2026-06-07
21049,therapist,assigned-therapist-t73-1780802114048@example.test,assigned-therapist t73-1780802114048,2026-06-07
21050,therapist,other-therapist-t73-1780802114048@example.test,other-therapist t73-1780802114048,2026-06-07
21083,therapist,sf-assigned-t90authz-1780802192221@example.test,sf-assigned t90authz-1780802192221,2026-06-07
21084,therapist,sf-other-t90authz-1780802192221@example.test,sf-other t90authz-1780802192221,2026-06-07
21138,therapist,optout-therapist-dsepref-1780802291371@example.test,optout-therapist dsepref-1780802291371,2026-06-07
21188,therapist,optout-therapist-dsepref-1780802392055@example.test,optout-therapist dsepref-1780802392055,2026-06-07
21238,therapist,optout-therapist-dsepref-1780802733725@example.test,optout-therapist dsepref-1780802733725,2026-06-07
21364,therapist,src-therapist-t90src-1780803886835@example.test,src-therapist t90src-1780803886835,2026-06-07
21418,therapist,api-therapist-dsepref-api-1780804260019@example.test,api-therapist dsepref-api-1780804260019,2026-06-07
21468,therapist,optout-therapist-dsepref-1780804440273@example.test,optout-therapist dsepref-1780804440273,2026-06-07
21518,therapist,optout-therapist-dsepref-1780804611458@example.test,optout-therapist dsepref-1780804611458,2026-06-07
21519,therapist,default-therapist-dsepref-1780804611458@example.test,default-therapist dsepref-1780804611458,2026-06-07
21520,therapist,optin-therapist-dsepref-1780804611458@example.test,optin-therapist dsepref-1780804611458,2026-06-07
21573,therapist,api-therapist-dsepref-api-1780805209769@example.test,api-therapist dsepref-api-1780805209769,2026-06-07
21623,therapist,optout-therapist-dsepref-1780805461821@example.test,optout-therapist dsepref-1780805461821,2026-06-07
21673,therapist,optout-therapist-dsepref-1780805624855@example.test,optout-therapist dsepref-1780805624855,2026-06-07
22876,therapist,qh-save-staff-qh-save-7775-1780941820483@example.test,qh-save-staff qh-save-7775-1780941820483,2026-06-08
22926,therapist,optout-therapist-dsepref-1780998128556@example.test,optout-therapist dsepref-1780998128556,2026-06-09
22927,therapist,default-therapist-dsepref-1780998128556@example.test,default-therapist dsepref-1780998128556,2026-06-09
22977,therapist,optout-therapist-dsepref-1780998407918@example.test,optout-therapist dsepref-1780998407918,2026-06-09
22978,therapist,default-therapist-dsepref-1780998407918@example.test,default-therapist dsepref-1780998407918,2026-06-09
22979,therapist,optin-therapist-dsepref-1780998407918@example.test,optin-therapist dsepref-1780998407918,2026-06-09
23834,therapist,api-therapist-dsepref-api-1781278581939@example.test,api-therapist dsepref-api-1781278581939,2026-06-12
23989,therapist,ui-therapist-dsepref-ui-1781371851727@example.test,ui-therapist dsepref-ui-1781371851727,2026-06-13
24039,therapist,optout-therapist-dsepref-1781374153571@example.test,optout-therapist dsepref-1781374153571,2026-06-13
24089,therapist,optout-therapist-dsepref-1781374282186@example.test,optout-therapist dsepref-1781374282186,2026-06-13
24243,therapist,api-therapist-dsepref-api-1781506833251@example.test,api-therapist dsepref-api-1781506833251,2026-06-15
24397,therapist,api-therapist-dsepref-api-1781597550982@example.test,api-therapist dsepref-api-1781597550982,2026-06-16
24723,therapist,email-off-notif-mute-1781823896397@example.test,email-off notif-mute-1781823896397,2026-06-18
24724,therapist,inapp-off-notif-mute-1781823896397@example.test,inapp-off notif-mute-1781823896397,2026-06-18
24725,therapist,default-on-notif-mute-1781823896397@example.test,default-on notif-mute-1781823896397,2026-06-18
24812,therapist,sf-assigned-t90authz-1781833060244@example.test,sf-assigned t90authz-1781833060244,2026-06-19
24813,therapist,sf-other-t90authz-1781833060244@example.test,sf-other t90authz-1781833060244,2026-06-19
24867,therapist,optout-therapist-dsepref-1781833172133@example.test,optout-therapist dsepref-1781833172133,2026-06-19
25180,therapist,optout-therapist-dsepref-1782012789290@example.test,optout-therapist dsepref-1782012789290,2026-06-21
25230,therapist,optout-therapist-dsepref-1782012972119@example.test,optout-therapist dsepref-1782012972119,2026-06-21
25482,therapist,optout-therapist-dsepref-1782014486211@example.test,optout-therapist dsepref-1782014486211,2026-06-21
25532,therapist,optout-therapist-dsepref-1782014614357@example.test,optout-therapist dsepref-1782014614357,2026-06-21
25582,therapist,optout-therapist-dsepref-1782014758901@example.test,optout-therapist dsepref-1782014758901,2026-06-21
25583,therapist,default-therapist-dsepref-1782014758901@example.test,default-therapist dsepref-1782014758901,2026-06-21
25636,therapist,api-therapist-dsepref-api-1782015253016@example.test,api-therapist dsepref-api-1782015253016,2026-06-21
25686,therapist,optout-therapist-dsepref-1782015460251@example.test,optout-therapist dsepref-1782015460251,2026-06-21
25941,therapist,api-therapist-dsepref-api-1782077317573@example.test,api-therapist dsepref-api-1782077317573,2026-06-21
26257,therapist,optout-therapist-dsepref-1782419250265@example.test,optout-therapist dsepref-1782419250265,2026-06-25
26307,therapist,optout-therapist-dsepref-1782419399843@example.test,optout-therapist dsepref-1782419399843,2026-06-25
26357,therapist,optout-therapist-dsepref-1782419529032@example.test,optout-therapist dsepref-1782419529032,2026-06-25
26407,therapist,optout-therapist-dsepref-1782419736392@example.test,optout-therapist dsepref-1782419736392,2026-06-25
26457,therapist,optout-therapist-dsepref-1782419882881@example.test,optout-therapist dsepref-1782419882881,2026-06-25
26498,therapist,dla-assigned-t98dlaudit-1782420011990@example.test,dla-assigned t98dlaudit-1782420011990,2026-06-25
26500,therapist,dla-other-t98dlaudit-1782420011990@example.test,dla-other t98dlaudit-1782420011990,2026-06-25
26550,therapist,optout-therapist-dsepref-1782420123739@example.test,optout-therapist dsepref-1782420123739,2026-06-25
26631,therapist,api-therapist-dsepref-api-1782420621349@example.test,api-therapist dsepref-api-1782420621349,2026-06-25
26782,therapist,optout-therapist-dsepref-1782421966464@example.test,optout-therapist dsepref-1782421966464,2026-06-25
26832,therapist,optout-therapist-dsepref-1782422185762@example.test,optout-therapist dsepref-1782422185762,2026-06-25
26882,therapist,optout-therapist-dsepref-1782422377802@example.test,optout-therapist dsepref-1782422377802,2026-06-25
26883,therapist,default-therapist-dsepref-1782422377802@example.test,default-therapist dsepref-1782422377802,2026-06-25
26884,therapist,optin-therapist-dsepref-1782422377802@example.test,optin-therapist dsepref-1782422377802,2026-06-25
26934,therapist,optout-therapist-dsepref-1782422733952@example.test,optout-therapist dsepref-1782422733952,2026-06-25
26984,therapist,optout-therapist-dsepref-1782422846170@example.test,optout-therapist dsepref-1782422846170,2026-06-25
27178,therapist,optout-therapist-dsepref-1782424057643@example.test,optout-therapist dsepref-1782424057643,2026-06-25
27228,therapist,optout-therapist-dsepref-1782424180920@example.test,optout-therapist dsepref-1782424180920,2026-06-25
27269,therapist,dla-assigned-t98dlaudit-1782424351160@example.test,dla-assigned t98dlaudit-1782424351160,2026-06-25
27271,therapist,dla-other-t98dlaudit-1782424351160@example.test,dla-other t98dlaudit-1782424351160,2026-06-25
27321,therapist,optout-therapist-dsepref-1782424465618@example.test,optout-therapist dsepref-1782424465618,2026-06-25
27414,therapist,optout-therapist-dsepref-1782424756233@example.test,optout-therapist dsepref-1782424756233,2026-06-25
27464,therapist,optout-therapist-dsepref-1782424893036@example.test,optout-therapist dsepref-1782424893036,2026-06-25
27465,therapist,default-therapist-dsepref-1782424893036@example.test,default-therapist dsepref-1782424893036,2026-06-25
27466,therapist,optin-therapist-dsepref-1782424893036@example.test,optin-therapist dsepref-1782424893036,2026-06-25
27516,therapist,optout-therapist-dsepref-1782425275767@example.test,optout-therapist dsepref-1782425275767,2026-06-25
27667,therapist,optout-therapist-dsepref-1782426995920@example.test,optout-therapist dsepref-1782426995920,2026-06-25
27668,therapist,default-therapist-dsepref-1782426995920@example.test,default-therapist dsepref-1782426995920,2026-06-25
27718,therapist,optout-therapist-dsepref-1782427222462@example.test,optout-therapist dsepref-1782427222462,2026-06-25
27768,therapist,optout-therapist-dsepref-1782427340877@example.test,optout-therapist dsepref-1782427340877,2026-06-25
27818,therapist,optout-therapist-dsepref-1782427530794@example.test,optout-therapist dsepref-1782427530794,2026-06-25
27865,therapist,idem-therapist-dse-1782427698386@example.test,idem-therapist dse-1782427698386,2026-06-25
27866,therapist,retry-therapist-dse-1782427698386@example.test,retry-therapist dse-1782427698386,2026-06-25
27919,therapist,api-therapist-dsepref-api-1782428131025@example.test,api-therapist dsepref-api-1782428131025,2026-06-25
28022,therapist,optout-therapist-dsepref-1782429014454@example.test,optout-therapist dsepref-1782429014454,2026-06-25
28072,therapist,optout-therapist-dsepref-1782429147171@example.test,optout-therapist dsepref-1782429147171,2026-06-25
28148,therapist,optout-therapist-dsepref-1782429364954@example.test,optout-therapist dsepref-1782429364954,2026-06-25
28149,therapist,default-therapist-dsepref-1782429364954@example.test,default-therapist dsepref-1782429364954,2026-06-25
28199,therapist,optout-therapist-dsepref-1782429610998@example.test,optout-therapist dsepref-1782429610998,2026-06-25
28200,therapist,default-therapist-dsepref-1782429610998@example.test,default-therapist dsepref-1782429610998,2026-06-25
28293,therapist,api-therapist-dsepref-api-1782430291316@example.test,api-therapist dsepref-api-1782430291316,2026-06-25
28343,therapist,optout-therapist-dsepref-1782430431034@example.test,optout-therapist dsepref-1782430431034,2026-06-25
28421,therapist,optout-therapist-dsepref-1782430653682@example.test,optout-therapist dsepref-1782430653682,2026-06-25
28568,therapist,optout-therapist-dsepref-1782431649967@example.test,optout-therapist dsepref-1782431649967,2026-06-25
28569,therapist,default-therapist-dsepref-1782431649967@example.test,default-therapist dsepref-1782431649967,2026-06-25
28615,therapist,upval-therapist-t94upval-1782431867243@example.test,upval-therapist t94upval-1782431867243,2026-06-25
28797,therapist,api-therapist-dsepref-api-1782433671197@example.test,api-therapist dsepref-api-1782433671197,2026-06-26
28878,therapist,api-therapist-dsepref-api-1782434287503@example.test,api-therapist dsepref-api-1782434287503,2026-06-26
28928,therapist,optout-therapist-dsepref-1782434508087@example.test,optout-therapist dsepref-1782434508087,2026-06-26
28929,therapist,default-therapist-dsepref-1782434508087@example.test,default-therapist dsepref-1782434508087,2026-06-26
29076,therapist,optout-therapist-dsepref-1782435721517@example.test,optout-therapist dsepref-1782435721517,2026-06-26
29077,therapist,default-therapist-dsepref-1782435721517@example.test,default-therapist dsepref-1782435721517,2026-06-26
29130,therapist,api-therapist-dsepref-api-1782436355428@example.test,api-therapist dsepref-api-1782436355428,2026-06-26
29180,therapist,optout-therapist-dsepref-1782436515171@example.test,optout-therapist dsepref-1782436515171,2026-06-26
29181,therapist,default-therapist-dsepref-1782436515171@example.test,default-therapist dsepref-1782436515171,2026-06-26
29231,therapist,optout-therapist-dsepref-1782436773256@example.test,optout-therapist dsepref-1782436773256,2026-06-26
29232,therapist,default-therapist-dsepref-1782436773256@example.test,default-therapist dsepref-1782436773256,2026-06-26
29233,therapist,optin-therapist-dsepref-1782436773256@example.test,optin-therapist dsepref-1782436773256,2026-06-26
29283,therapist,optout-therapist-dsepref-1782437174551@example.test,optout-therapist dsepref-1782437174551,2026-06-26
29333,therapist,optout-therapist-dsepref-1782437387526@example.test,optout-therapist dsepref-1782437387526,2026-06-26
29334,therapist,default-therapist-dsepref-1782437387526@example.test,default-therapist dsepref-1782437387526,2026-06-26
29335,therapist,optin-therapist-dsepref-1782437387526@example.test,optin-therapist dsepref-1782437387526,2026-06-26
29486,therapist,optout-therapist-dsepref-1782439220620@example.test,optout-therapist dsepref-1782439220620,2026-06-26
29536,therapist,optout-therapist-dsepref-1782439450174@example.test,optout-therapist dsepref-1782439450174,2026-06-26
29690,therapist,api-therapist-dsepref-api-1782442634885@example.test,api-therapist dsepref-api-1782442634885,2026-06-26
29740,therapist,optout-therapist-dsepref-1782442778418@example.test,optout-therapist dsepref-1782442778418,2026-06-26
29741,therapist,default-therapist-dsepref-1782442778418@example.test,default-therapist dsepref-1782442778418,2026-06-26
29742,therapist,optin-therapist-dsepref-1782442778418@example.test,optin-therapist dsepref-1782442778418,2026-06-26
29994,therapist,ui-therapist-drawer-real-ui-1782446399049@example.test,ui-therapist drawer-real-ui-1782446399049,2026-06-26
30044,therapist,api-therapist-dsepref-api-1782446541821@example.test,api-therapist dsepref-api-1782446541821,2026-06-26
30247,therapist,optout-therapist-dsepref-1782447295175@example.test,optout-therapist dsepref-1782447295175,2026-06-26
30407,therapist,optout-therapist-dsepref-1782447413739@example.test,optout-therapist dsepref-1782447413739,2026-06-26
30530,therapist,default-therapist-dsepref-1782447413739@example.test,default-therapist dsepref-1782447413739,2026-06-26
30552,therapist,optout-therapist-dsepref-1782447554331@example.test,optout-therapist dsepref-1782447554331,2026-06-26
30604,therapist,default-therapist-dsepref-1782447554331@example.test,default-therapist dsepref-1782447554331,2026-06-26
30614,therapist,optin-therapist-dsepref-1782447554331@example.test,optin-therapist dsepref-1782447554331,2026-06-26
30665,therapist,api-therapist-dsepref-api-1782447932402@example.test,api-therapist dsepref-api-1782447932402,2026-06-26
30892,therapist,api-therapist-dsepref-api-1782448854496@example.test,api-therapist dsepref-api-1782448854496,2026-06-26
30970,therapist,api-therapist-dsepref-api-1782449213829@example.test,api-therapist dsepref-api-1782449213829,2026-06-26
31159,therapist,qh-save-ui-staff-qh-save-ui-67311-1782450114295@example.test,qh-save-ui-staff qh-save-ui-67311-1782450114295,2026-06-26
31211,therapist,api-therapist-dsepref-api-1782450258423@example.test,api-therapist dsepref-api-1782450258423,2026-06-26
31413,therapist,optout-therapist-dsepref-1782451809568@example.test,optout-therapist dsepref-1782451809568,2026-06-26
31414,therapist,default-therapist-dsepref-1782451809568@example.test,default-therapist dsepref-1782451809568,2026-06-26
31514,therapist,ui-therapist-drawer-real-ui-1782452991010@example.test,ui-therapist drawer-real-ui-1782452991010,2026-06-26
31564,therapist,optout-therapist-dsepref-1782453133790@example.test,optout-therapist dsepref-1782453133790,2026-06-26
31565,therapist,default-therapist-dsepref-1782453133790@example.test,default-therapist dsepref-1782453133790,2026-06-26
31719,therapist,api-therapist-dsepref-api-1782483886090@example.test,api-therapist dsepref-api-1782483886090,2026-06-26
31854,therapist,ddl-assigned-t101deldenial-1782485218437@example.test,ddl-assigned t101deldenial-1782485218437,2026-06-26
31855,therapist,ddl-other-t101deldenial-1782485218437@example.test,ddl-other t101deldenial-1782485218437,2026-06-26
31965,therapist,idem-therapist-dse-1782485465629@example.test,idem-therapist dse-1782485465629,2026-06-26
31966,therapist,retry-therapist-dse-1782485465629@example.test,retry-therapist dse-1782485465629,2026-06-26
31967,therapist,crash-therapist-dse-1782485465629@example.test,crash-therapist dse-1782485465629,2026-06-26
32214,therapist,api-therapist-dsepref-api-1782487273298@example.test,api-therapist dsepref-api-1782487273298,2026-06-26
32439,therapist,api-therapist-dsepref-api-1782488031696@example.test,api-therapist dsepref-api-1782488031696,2026-06-26
32673,therapist,optout-therapist-dsepref-1782489296918@example.test,optout-therapist dsepref-1782489296918,2026-06-26
32678,therapist,default-therapist-dsepref-1782489296918@example.test,default-therapist dsepref-1782489296918,2026-06-26
32732,therapist,api-therapist-dsepref-api-1782489630445@example.test,api-therapist dsepref-api-1782489630445,2026-06-26
32841,therapist,optout-therapist-dsepref-1782490647299@example.test,optout-therapist dsepref-1782490647299,2026-06-26
32897,therapist,optout-therapist-dsepref-1782490756897@example.test,optout-therapist dsepref-1782490756897,2026-06-26
32901,therapist,default-therapist-dsepref-1782490756897@example.test,default-therapist dsepref-1782490756897,2026-06-26
33068,therapist,def-therapist-t93defaults-1782492219531@example.test,def-therapist t93defaults-1782492219531,2026-06-26
33113,therapist,ddl-assigned-t101deldenial-1782492320364@example.test,ddl-assigned t101deldenial-1782492320364,2026-06-26
33230,therapist,api-therapist-dsepref-api-1782492906272@example.test,api-therapist dsepref-api-1782492906272,2026-06-26
33289,therapist,assigned-therapist-t73-1782493271964@example.test,assigned-therapist t73-1782493271964,2026-06-26
33290,therapist,other-therapist-t73-1782493271964@example.test,other-therapist t73-1782493271964,2026-06-26
33372,therapist,optout-therapist-dsepref-1782493416385@example.test,optout-therapist dsepref-1782493416385,2026-06-26
33401,therapist,optout-therapist-dsepref-1782493482555@example.test,optout-therapist dsepref-1782493482555,2026-06-26
33416,therapist,creator-therapist-t24a-1782493528079@example.test,creator-therapist t24a-1782493528079,2026-06-26
33417,therapist,other-therapist-t24a-1782493528079@example.test,other-therapist t24a-1782493528079,2026-06-26
33420,therapist,default-therapist-dsepref-1782493416385@example.test,default-therapist dsepref-1782493416385,2026-06-26
33575,therapist,optout-therapist-dsepref-1782493847707@example.test,optout-therapist dsepref-1782493847707,2026-06-26
33629,therapist,api-therapist-dsepref-api-1782494089403@example.test,api-therapist dsepref-api-1782494089403,2026-06-26
33631,therapist,api-therapist-dsepref-api-1782494208472@example.test,api-therapist dsepref-api-1782494208472,2026-06-26
33633,therapist,api-therapist-dsepref-api-1782494376789@example.test,api-therapist dsepref-api-1782494376789,2026-06-26
33871,therapist,optout-therapist-dsepref-1782497118870@example.test,optout-therapist dsepref-1782497118870,2026-06-26
33900,therapist,optout-therapist-dsepref-1782497151668@example.test,optout-therapist dsepref-1782497151668,2026-06-26
33905,therapist,optout-therapist-dsepref-1782497165287@example.test,optout-therapist dsepref-1782497165287,2026-06-26
34039,therapist,optout-therapist-dsepref-1782497302162@example.test,optout-therapist dsepref-1782497302162,2026-06-26
34111,therapist,optout-therapist-dsepref-1782497636846@example.test,optout-therapist dsepref-1782497636846,2026-06-26
34112,therapist,api-therapist-dsepref-api-1782497672028@example.test,api-therapist dsepref-api-1782497672028,2026-06-26
34114,therapist,default-therapist-dsepref-1782497636846@example.test,default-therapist dsepref-1782497636846,2026-06-26
34218,therapist,api-therapist-dsepref-api-1782498332238@example.test,api-therapist dsepref-api-1782498332238,2026-06-26
34480,therapist,optout-therapist-dsepref-1782499663709@example.test,optout-therapist dsepref-1782499663709,2026-06-26
34486,therapist,optout-therapist-dsepref-1782499677065@example.test,optout-therapist dsepref-1782499677065,2026-06-26
34487,therapist,default-therapist-dsepref-1782499663709@example.test,default-therapist dsepref-1782499663709,2026-06-26
34581,therapist,api-therapist-dsepref-api-1782499940859@example.test,api-therapist dsepref-api-1782499940859,2026-06-26
34591,therapist,optout-therapist-dsepref-1782499970310@example.test,optout-therapist dsepref-1782499970310,2026-06-26
34638,therapist,default-therapist-dsepref-1782499970310@example.test,default-therapist dsepref-1782499970310,2026-06-26
34645,therapist,therapist-ins-repost-dc-ui-1782500193167@example.test,Therapist ins-repost-dc-ui-1782500193167,2026-06-26
34701,therapist,therapist-ins-repost-dc-ui-1782500511250@example.test,Therapist ins-repost-dc-ui-1782500511250,2026-06-26
34795,therapist,api-therapist-dsepref-api-1782500730942@example.test,api-therapist dsepref-api-1782500730942,2026-06-26
34912,therapist,api-therapist-dsepref-api-1782501040722@example.test,api-therapist dsepref-api-1782501040722,2026-06-26
34936,therapist,api-therapist-dsepref-api-1782501462468@example.test,api-therapist dsepref-api-1782501462468,2026-06-26
35101,therapist,optout-therapist-dsepref-1782504452528@example.test,optout-therapist dsepref-1782504452528,2026-06-26
35161,therapist,optout-therapist-dsepref-1782504526406@example.test,optout-therapist dsepref-1782504526406,2026-06-26
35178,therapist,dla-assigned-t98dlaudit-1782504533580@example.test,dla-assigned t98dlaudit-1782504533580,2026-06-26
35180,therapist,dla-other-t98dlaudit-1782504533580@example.test,dla-other t98dlaudit-1782504533580,2026-06-26
35237,therapist,optout-therapist-dsepref-1782504606960@example.test,optout-therapist dsepref-1782504606960,2026-06-26
35259,therapist,optout-therapist-dsepref-1782504654404@example.test,optout-therapist dsepref-1782504654404,2026-06-26
35260,therapist,default-therapist-dsepref-1782504526406@example.test,default-therapist dsepref-1782504526406,2026-06-26
35307,therapist,default-therapist-dsepref-1782504606960@example.test,default-therapist dsepref-1782504606960,2026-06-26
35312,therapist,optout-therapist-dsepref-1782504766418@example.test,optout-therapist dsepref-1782504766418,2026-06-26
35425,therapist,therapist-thr-stmt-corrected-ui-1782505309379@example.test,Therapist thr-stmt-corrected-ui-1782505309379,2026-06-26
35427,therapist,api-therapist-dsepref-api-1782505311164@example.test,api-therapist dsepref-api-1782505311164,2026-06-26
35492,therapist,optout-therapist-dsepref-1782505645613@example.test,optout-therapist dsepref-1782505645613,2026-06-26
35621,therapist,optout-therapist-dsepref-1782506027545@example.test,optout-therapist dsepref-1782506027545,2026-06-26
35624,therapist,optout-therapist-dsepref-1782506032408@example.test,optout-therapist dsepref-1782506032408,2026-06-26
35715,therapist,default-therapist-dsepref-1782506032408@example.test,default-therapist dsepref-1782506032408,2026-06-26
35750,therapist,ddl-assigned-t101deldenial-1782506222852@example.test,ddl-assigned t101deldenial-1782506222852,2026-06-26
35751,therapist,ddl-other-t101deldenial-1782506222852@example.test,ddl-other t101deldenial-1782506222852,2026-06-26
35837,therapist,optout-therapist-dsepref-1782506349898@example.test,optout-therapist dsepref-1782506349898,2026-06-26
35867,therapist,sf-assigned-t90authz-1782506417996@example.test,sf-assigned t90authz-1782506417996,2026-06-26
35868,therapist,sf-other-t90authz-1782506417996@example.test,sf-other t90authz-1782506417996,2026-06-26
35924,therapist,optout-therapist-dsepref-1782506544096@example.test,optout-therapist dsepref-1782506544096,2026-06-26
35975,therapist,optout-therapist-dsepref-1782506672476@example.test,optout-therapist dsepref-1782506672476,2026-06-26
36000,therapist,api-therapist-dsepref-api-1782506741383@example.test,api-therapist dsepref-api-1782506741383,2026-06-26
36017,therapist,dla-assigned-t98dlaudit-1782506788179@example.test,dla-assigned t98dlaudit-1782506788179,2026-06-26
36019,therapist,dla-other-t98dlaudit-1782506788179@example.test,dla-other t98dlaudit-1782506788179,2026-06-26
36149,therapist,optout-therapist-dsepref-1782507235098@example.test,optout-therapist dsepref-1782507235098,2026-06-26
36177,therapist,default-therapist-dsepref-1782507235098@example.test,default-therapist dsepref-1782507235098,2026-06-26
36179,therapist,optin-therapist-dsepref-1782507235098@example.test,optin-therapist dsepref-1782507235098,2026-06-26
36252,therapist,optout-therapist-dsepref-1782507698585@example.test,optout-therapist dsepref-1782507698585,2026-06-26
36269,therapist,api-therapist-dsepref-api-1782507726107@example.test,api-therapist dsepref-api-1782507726107,2026-06-26
36276,therapist,therapist-thr-owed-record-payout-ui-1782507790007@example.test,Therapist thr-owed-record-payout-ui-1782507790007,2026-06-26
36279,therapist,default-therapist-dsepref-1782507698585@example.test,default-therapist dsepref-1782507698585,2026-06-26
36295,therapist,optin-therapist-dsepref-1782507698585@example.test,optin-therapist dsepref-1782507698585,2026-06-26
36412,therapist,optout-therapist-dsepref-1782508164103@example.test,optout-therapist dsepref-1782508164103,2026-06-26
36420,therapist,default-therapist-dsepref-1782508164103@example.test,default-therapist dsepref-1782508164103,2026-06-26
36422,therapist,optin-therapist-dsepref-1782508164103@example.test,optin-therapist dsepref-1782508164103,2026-06-26
36447,therapist,api-therapist-dsepref-api-1782508566176@example.test,api-therapist dsepref-api-1782508566176,2026-06-26
36473,therapist,optout-therapist-dsepref-1782508641757@example.test,optout-therapist dsepref-1782508641757,2026-06-26
36523,therapist,optout-therapist-dsepref-1782508833305@example.test,optout-therapist dsepref-1782508833305,2026-06-26
36542,therapist,assigned-therapist-t73-1782508887183@example.test,assigned-therapist t73-1782508887183,2026-06-26
36543,therapist,other-therapist-t73-1782508887183@example.test,other-therapist t73-1782508887183,2026-06-26
36548,therapist,default-therapist-dsepref-1782508833305@example.test,default-therapist dsepref-1782508833305,2026-06-26
36598,therapist,optout-therapist-dsepref-1782509105163@example.test,optout-therapist dsepref-1782509105163,2026-06-26
36599,therapist,default-therapist-dsepref-1782509105163@example.test,default-therapist dsepref-1782509105163,2026-06-26
36647,therapist,optin-therapist-dsepref-1782509105163@example.test,optin-therapist dsepref-1782509105163,2026-06-26
36652,therapist,optout-therapist-dsepref-1782509408061@example.test,optout-therapist dsepref-1782509408061,2026-06-26
36728,therapist,optout-therapist-dsepref-1782509524907@example.test,optout-therapist dsepref-1782509524907,2026-06-26
36753,therapist,default-therapist-dsepref-1782509524907@example.test,default-therapist dsepref-1782509524907,2026-06-26
36856,therapist,optout-therapist-dsepref-1782509851490@example.test,optout-therapist dsepref-1782509851490,2026-06-26
36858,therapist,optout-therapist-dsepref-1782509855586@example.test,optout-therapist dsepref-1782509855586,2026-06-26
36908,therapist,default-therapist-dsepref-1782509851490@example.test,default-therapist dsepref-1782509851490,2026-06-26
36912,therapist,therapist-thr-owed-bulk-payout-ui-1782510002201@example.test,Therapist thr-owed-bulk-payout-ui-1782510002201,2026-06-26
36914,therapist,optout-therapist-dsepref-1782510002434@example.test,optout-therapist dsepref-1782510002434,2026-06-26
36915,therapist,default-therapist-dsepref-1782509855586@example.test,default-therapist dsepref-1782509855586,2026-06-26
36917,therapist,therapist-thr-stmt-corrected-monthly-print-1782510115061@example.test,Therapist thr-stmt-corrected-monthly-print-1782510115061,2026-06-26
36937,therapist,optin-therapist-dsepref-1782509851490@example.test,optin-therapist dsepref-1782509851490,2026-06-26
36980,therapist,creator-therapist-t24a-1782510236254@example.test,creator-therapist t24a-1782510236254,2026-06-26
36981,therapist,other-therapist-t24a-1782510236254@example.test,other-therapist t24a-1782510236254,2026-06-26
37037,therapist,optout-therapist-dsepref-1782510350647@example.test,optout-therapist dsepref-1782510350647,2026-06-26
37121,therapist,default-therapist-dsepref-1782510350647@example.test,default-therapist dsepref-1782510350647,2026-06-26
37132,therapist,optout-therapist-dsepref-1782510525779@example.test,optout-therapist dsepref-1782510525779,2026-06-26
37196,therapist,optout-therapist-dsepref-1782510651239@example.test,optout-therapist dsepref-1782510651239,2026-06-26
37208,therapist,therapist-thr-owed-bulk-payout-ui-1782510738764@example.test,Therapist thr-owed-bulk-payout-ui-1782510738764,2026-06-26
37236,therapist,default-therapist-dsepref-1782510651239@example.test,default-therapist dsepref-1782510651239,2026-06-26
37261,therapist,optin-therapist-dsepref-1782510651239@example.test,optin-therapist dsepref-1782510651239,2026-06-26
37331,therapist,optout-therapist-dsepref-1782511219071@example.test,optout-therapist dsepref-1782511219071,2026-06-26
37517,therapist,optout-therapist-dsepref-1782511437573@example.test,optout-therapist dsepref-1782511437573,2026-06-26
37546,therapist,optout-therapist-dsepref-1782511473496@example.test,optout-therapist dsepref-1782511473496,2026-06-26
37600,therapist,upval-therapist-t94upval-1782511519863@example.test,upval-therapist t94upval-1782511519863,2026-06-26
37658,therapist,default-therapist-dsepref-1782511437573@example.test,default-therapist dsepref-1782511437573,2026-06-26
37690,therapist,optout-therapist-dsepref-1782511643587@example.test,optout-therapist dsepref-1782511643587,2026-06-26
37693,therapist,therapist-thr-owed-bulk-payout-ui-1782511644750@example.test,Therapist thr-owed-bulk-payout-ui-1782511644750,2026-06-26
37787,therapist,optout-therapist-dsepref-1782511759218@example.test,optout-therapist dsepref-1782511759218,2026-06-26
37797,therapist,optout-therapist-dsepref-1782511791483@example.test,optout-therapist dsepref-1782511791483,2026-06-26
37798,therapist,api-therapist-dsepref-api-1782511808478@example.test,api-therapist dsepref-api-1782511808478,2026-06-26
37826,therapist,default-therapist-dsepref-1782511759218@example.test,default-therapist dsepref-1782511759218,2026-06-26
37851,therapist,optout-therapist-dsepref-1782511984269@example.test,optout-therapist dsepref-1782511984269,2026-06-26
37876,therapist,optin-therapist-dsepref-1782511759218@example.test,optin-therapist dsepref-1782511759218,2026-06-26
37877,therapist,api-therapist-dsepref-api-1782512071824@example.test,api-therapist dsepref-api-1782512071824,2026-06-26
37919,therapist,optout-therapist-dsepref-1782512124079@example.test,optout-therapist dsepref-1782512124079,2026-06-26
37955,therapist,optout-therapist-dsepref-1782512207514@example.test,optout-therapist dsepref-1782512207514,2026-06-26
37965,therapist,optout-therapist-dsepref-1782512248484@example.test,optout-therapist dsepref-1782512248484,2026-06-26
38058,therapist,optout-therapist-dsepref-1782512407062@example.test,optout-therapist dsepref-1782512407062,2026-06-26
38120,therapist,api-therapist-dsepref-api-1782512896261@example.test,api-therapist dsepref-api-1782512896261,2026-06-26
38121,therapist,api-therapist-dsepref-api-1782513044461@example.test,api-therapist dsepref-api-1782513044461,2026-06-26
38223,therapist,optout-therapist-dsepref-1782532091214@example.test,optout-therapist dsepref-1782532091214,2026-06-27
38276,therapist,optout-therapist-dsepref-1782532333284@example.test,optout-therapist dsepref-1782532333284,2026-06-27
38401,therapist,qh-save-ui-staff-qh-save-ui-16217-1782532649179@example.test,qh-save-ui-staff qh-save-ui-16217-1782532649179,2026-06-27
38417,therapist,optout-therapist-dsepref-1782532659453@example.test,optout-therapist dsepref-1782532659453,2026-06-27
38447,therapist,optout-therapist-dsepref-1782532700304@example.test,optout-therapist dsepref-1782532700304,2026-06-27
38528,therapist,default-therapist-dsepref-1782532700304@example.test,default-therapist dsepref-1782532700304,2026-06-27
38585,therapist,api-therapist-dsepref-api-1782533291335@example.test,api-therapist dsepref-api-1782533291335,2026-06-27
38587,therapist,api-therapist-dsepref-api-1782533469874@example.test,api-therapist dsepref-api-1782533469874,2026-06-27
38697,therapist,therapist-thr-owed-dup-restmt-noreinflate-ui-1782534444788@example.test,Therapist thr-owed-dup-restmt-noreinflate-ui-1782534444788,2026-06-27
38713,therapist,dla-assigned-t98dlaudit-1782534472147@example.test,dla-assigned t98dlaudit-1782534472147,2026-06-27
38715,therapist,dla-other-t98dlaudit-1782534472147@example.test,dla-other t98dlaudit-1782534472147,2026-06-27
38812,therapist,idem-therapist-dse-1782534599915@example.test,idem-therapist dse-1782534599915,2026-06-27
38867,therapist,api-therapist-dsepref-api-1782535058913@example.test,api-therapist dsepref-api-1782535058913,2026-06-27
38893,therapist,src-therapist-t90src-1782535444486@example.test,src-therapist t90src-1782535444486,2026-06-27
38895,therapist,ui-therapist-dsepref-ui-1782535520761@example.test,ui-therapist dsepref-ui-1782535520761,2026-06-27
39043,therapist,A-ins-dbl-1782536910314@example.test,A ins-dbl-1782536910314,2026-06-27
39044,therapist,B-ins-dbl-1782536910314@example.test,B ins-dbl-1782536910314,2026-06-27
39317,therapist,optout-therapist-dsepref-1782573031303@example.test,optout-therapist dsepref-1782573031303,2026-06-27
39370,therapist,api-therapist-dsepref-api-1782573683720@example.test,api-therapist dsepref-api-1782573683720,2026-06-27
39481,therapist,api-ins-voidlock-1782575644298@example.test,api ins-voidlock-1782575644298,2026-06-27
39482,therapist,store-ins-voidlock-1782575644298@example.test,store ins-voidlock-1782575644298,2026-06-27
39532,therapist,optout-therapist-dsepref-1782575761576@example.test,optout-therapist dsepref-1782575761576,2026-06-27
39890,therapist,optout-therapist-dsepref-1782584463763@example.test,optout-therapist dsepref-1782584463763,2026-06-27
39891,therapist,default-therapist-dsepref-1782584463763@example.test,default-therapist dsepref-1782584463763,2026-06-27
39941,therapist,optout-therapist-dsepref-1782584872649@example.test,optout-therapist dsepref-1782584872649,2026-06-27
39994,therapist,api-therapist-dsepref-api-1782585547208@example.test,api-therapist dsepref-api-1782585547208,2026-06-27
40044,therapist,optout-therapist-dsepref-1782585680416@example.test,optout-therapist dsepref-1782585680416,2026-06-27
40045,therapist,default-therapist-dsepref-1782585680416@example.test,default-therapist dsepref-1782585680416,2026-06-27
40092,therapist,idem-therapist-dse-1782586116850@example.test,idem-therapist dse-1782586116850,2026-06-27
40093,therapist,retry-therapist-dse-1782586116850@example.test,retry-therapist dse-1782586116850,2026-06-27
40143,therapist,optout-therapist-dsepref-1782586266668@example.test,optout-therapist dsepref-1782586266668,2026-06-27
40193,therapist,optout-therapist-dsepref-1782586453091@example.test,optout-therapist dsepref-1782586453091,2026-06-27
40307,therapist,therapist-draft-ins-recon-ui-1782587823430@example.test,Therapist draft ins-recon-ui-1782587823430,2026-06-27
40308,therapist,therapist-void-ins-recon-ui-1782587823430@example.test,Therapist void ins-recon-ui-1782587823430,2026-06-27
40431,therapist,therapist-thr-stmt-corrected-ui-1782593407151@example.test,Therapist thr-stmt-corrected-ui-1782593407151,2026-06-27
40955,therapist,opted-in-sms-staff-6652-1782602301850@example.test,opted-in Staffmember,2026-06-27
40956,therapist,opted-out-sms-staff-6652-1782602301850@example.test,opted-out Staffmember,2026-06-27
40957,therapist,no-pref-sms-staff-6652-1782602301850@example.test,no-pref Staffmember,2026-06-27
40958,therapist,bad-phone-sms-staff-6652-1782602301850@example.test,bad-phone Staffmember,2026-06-27
40959,therapist,wrong-trigger-sms-staff-6652-1782602301850@example.test,wrong-trigger Staffmember,2026-06-27
40961,therapist,crash-a-sms-staff-6652-1782602301850@example.test,crash-a Staffmember,2026-06-27
40962,therapist,crash-b-sms-staff-6652-1782602301850@example.test,crash-b Staffmember,2026-06-27
40981,therapist,assigned-therapist-t73-1782602349145@example.test,assigned-therapist t73-1782602349145,2026-06-27
40982,therapist,other-therapist-t73-1782602349145@example.test,other-therapist t73-1782602349145,2026-06-27
41039,therapist,api-therapist-dsepref-api-1782603003288@example.test,api-therapist dsepref-api-1782603003288,2026-06-27
41089,therapist,optout-therapist-dsepref-1782603232814@example.test,optout-therapist dsepref-1782603232814,2026-06-27
41343,therapist,ui-therapist-drawer-real-ui-1782607252865@example.test,ui-therapist drawer-real-ui-1782607252865,2026-06-28
41547,therapist,optout-therapist-dsepref-1782609510616@example.test,optout-therapist dsepref-1782609510616,2026-06-28
41548,therapist,default-therapist-dsepref-1782609510616@example.test,default-therapist dsepref-1782609510616,2026-06-28
41601,therapist,api-therapist-dsepref-api-1782610452845@example.test,api-therapist dsepref-api-1782610452845,2026-06-28
41655,therapist,ui-therapist-dsepref-ui-1782611442203@example.test,ui-therapist dsepref-ui-1782611442203,2026-06-28
41732,therapist,api-therapist-dsepref-api-1782612100662@example.test,api-therapist dsepref-api-1782612100662,2026-06-28
41735,therapist,def-therapist-t93defaults-1782612122803@example.test,def-therapist t93defaults-1782612122803,2026-06-28
41786,therapist,optout-therapist-dsepref-1782612490344@example.test,optout-therapist dsepref-1782612490344,2026-06-28
41787,therapist,default-therapist-dsepref-1782612490344@example.test,default-therapist dsepref-1782612490344,2026-06-28
41788,therapist,optin-therapist-dsepref-1782612490344@example.test,optin-therapist dsepref-1782612490344,2026-06-28
41838,therapist,optout-therapist-dsepref-1782612973045@example.test,optout-therapist dsepref-1782612973045,2026-06-28
41839,therapist,default-therapist-dsepref-1782612973045@example.test,default-therapist dsepref-1782612973045,2026-06-28
41889,therapist,optout-therapist-dsepref-1782613344840@example.test,optout-therapist dsepref-1782613344840,2026-06-28
41890,therapist,default-therapist-dsepref-1782613344840@example.test,default-therapist dsepref-1782613344840,2026-06-28
41940,therapist,optout-therapist-dsepref-1782613672208@example.test,optout-therapist dsepref-1782613672208,2026-06-28
41941,therapist,default-therapist-dsepref-1782613672208@example.test,default-therapist dsepref-1782613672208,2026-06-28
41994,therapist,api-therapist-dsepref-api-1782614668989@example.test,api-therapist dsepref-api-1782614668989,2026-06-28
42044,therapist,optout-therapist-dsepref-1782614943071@example.test,optout-therapist dsepref-1782614943071,2026-06-28
42134,therapist,idem-therapist-dse-1782615172641@example.test,idem-therapist dse-1782615172641,2026-06-28
42135,therapist,retry-therapist-dse-1782615172641@example.test,retry-therapist dse-1782615172641,2026-06-28
42206,therapist,src-therapist-t90src-1782615337476@example.test,src-therapist t90src-1782615337476,2026-06-28
42257,therapist,optout-therapist-dsepref-1782615468219@example.test,optout-therapist dsepref-1782615468219,2026-06-28
42307,therapist,optout-therapist-dsepref-1782615666964@example.test,optout-therapist dsepref-1782615666964,2026-06-28
42410,therapist,A-ins-dbl-1782617083204@example.test,A ins-dbl-1782617083204,2026-06-28
42411,therapist,B-ins-dbl-1782617083204@example.test,B ins-dbl-1782617083204,2026-06-28
42412,therapist,C-ins-dbl-1782617083204@example.test,C ins-dbl-1782617083204,2026-06-28
42602,therapist,optout-therapist-dsepref-1782618799078@example.test,optout-therapist dsepref-1782618799078,2026-06-28
42613,therapist,default-therapist-dsepref-1782618799078@example.test,default-therapist dsepref-1782618799078,2026-06-28
42618,therapist,optin-therapist-dsepref-1782618799078@example.test,optin-therapist dsepref-1782618799078,2026-06-28